"","xi","sigma","kappa","rho"
"1",157710,5,5000,1
"2",0.29068605933733,1.10549418211927,2.24146554126015,0.061032113576166
