"","xi","sigma","kappa","rho"
"1",157710,5,5000,1
"2",0.0236601162198862,1.83256769364003,7.58922896537269,0.318763113502184
