"","xi","sigma","kappa","rho"
"1",157710,5,5000,1
"2",0.141611809041391,0.571669231152171,1.37670459879016,0.516881636019468
