"","xi","sigma","kappa","rho"
"1",157710,5,5000,1
"2",0.241247667942937,1.09488052766553,2.47133551101029,0.0713476228633955
