"","xi","sigma","kappa","rho"
"1",1e+05,5,99999,1
"2",0.175706160766183,1.18870757581637,2.76299139730196,0.0788046281566991
