"","xi","sigma","kappa","rho"
"1",1e+05,5,99999,1
"2",0.175685259807588,1.18888002833698,2.76347100500079,0.079060432109077
