"","xi","sigma","kappa","rho"
"1",1e+05,5,99999,1
"2",0.0948772882341814,0.617264199613219,1.6109877450653,0.174332882219999
