"","xi","sigma","kappa","rho"
"1",1e+05,5,99999,1
"2",0.0949099814887401,0.61727423858251,1.61093871698072,0.184206996932672
