"","xi","sigma","kappa","rho"
"1",1e+05,5,99999,1
"2",0.178642129376624,1.53261336732873,4.25604970307204,0.108263673387405
