"","xi","sigma","kappa","rho"
"1",1e+05,5,99999,1
"2",0.178566861054568,1.53271815384746,4.2568856285412,0.104811313415469
