"","xi","sigma","kappa","rho"
"1",1e+05,5,99999,1
"2",0.0838978952156491,0.589865148879626,1.56287205183613,0.174332882219999
