"","xi","sigma","kappa","rho"
"1",1e+05,5,99999,1
"2",0.083953204207388,0.589942794119995,1.56295367590895,0.202358964772516
