"","xi","sigma","kappa","rho"
"1",1e+05,5,99999,1
"2",0.145930442938864,0.95146607303744,2.29437559375896,0.0923670857187386
