"","xi","sigma","kappa","rho"
"1",1e+05,5,99999,1
"2",0.145685883715394,0.951498785887549,2.29522841609021,0.0868511373751353
