"","xi","sigma","kappa","rho"
"1",1e+05,5,99999,1
"2",0.355029886089174,1.11645060240101,2.05034217887947,0.0655128556859551
