"","xi","sigma","kappa","rho"
"1",1e+05,5,99999,1
"2",0.355169904271551,1.11601107277701,2.04918211883256,0.0672335753649934
